i,Jsm,Jc,R
467.490207914088,1337646684578.11,4864639583.65582,274.973440801725
467.886798208604,1337841187914.71,4867740747.75709,274.838216996487
468.2836135435,1338035602843.8,4870843069.24395,274.703081955685
468.680653975917,1338229929352.55,4873946548.23121,274.568035596985
469.077919565491,1338424167428.11,4877051184.83363,274.433077838155
469.475410369859,1338618317057.65,4880156979.16609,274.298208597051
469.873126446334,1338812378228.34,4883263931.34335,274.163427791634
470.271067851354,1339006350927.35,4886372041.48027,274.028735339955
470.669234644621,1339200235141.87,4889481309.69171,273.894131160164
471.067626884945,1339394030859.08,4892591736.0924,273.759615170512
471.466244627791,1339587738066.18,4895703320.79714,273.625187289344
471.865087932853,1339781356750.36,4898816063.92062,273.490847435106
472.26415685682,1339974886898.84,4901929965.57778,273.356595526329
472.663451458839,1340168328498.81,4905045025.88331,273.222431481651
473.062971795364,1340361681537.51,4908161244.95199,273.088355219801
473.462717925038,1340554946002.15,4911278622.89845,272.954366659615
473.862689905416,1340748121879.96,4914397159.83754,272.820465720008
474.262887794992,1340941209158.18,4917516855.88404,272.686652319997
474.663311650079,1341134207824.04,4920637711.15257,272.552926378704
475.063961530357,1341327117864.8,4923759725.75792,272.419287815334
475.46483749249,1341519939267.69,4926882899.81483,272.285736549191
475.865939594697,1341712672019.99,4930007233.43782,272.152272499687
476.267267894426,1341905316108.96,4933132726.74184,272.018895586303
476.66882244961,1342097871521.86,4936259379.84146,271.885605728638
477.070603318382,1342290338245.98,4939387192.85134,271.752402846378
477.472610557933,1342482716268.58,4942516165.88622,271.619286859301
477.874844227016,1342675005576.97,4945646299.06071,271.486257687286
478.277304382619,1342867206158.43,4948777592.48952,271.353315250299
478.679991082028,1343059318000.26,4951910046.28733,271.220459468404
479.082904384395,1343251341089.76,4955043660.56868,271.087690261765
479.486044346152,1343443275414.26,4958178435.44841,270.955007550623
479.889411026011,1343635120961.06,4961314371.04093,270.822411255336
480.293004481031,1343826877717.48,4964451467.46107,270.689901296335
480.696824769534,1344018545670.86,4967589724.8233,270.55747759416
481.100871948966,1344210124808.53,4970729143.24232,270.425140069435
481.50514607651,1344401615117.82,4973869722.83272,270.292888642881
481.909647210663,1344593016586.09,4977011463.70911,270.160723235313
482.314375408829,1344784329200.69,4980154365.98606,270.028643767637
482.719330728989,1344975552948.97,4983298429.77826,269.89665016085
483.124513228032,1345166687818.3,4986443655.20017,269.764742336049
483.529922964875,1345357733796.05,4989590042.36641,269.63292021442
483.935559995966,1345548690869.59,4992737591.39158,269.501183717239
484.341424379563,1345739559026.3,4995886302.39027,269.369532765874
484.747516173321,1345930338253.57,4999036175.47698,269.237967281793
485.15383543508,1346121028538.79,5002187210.76626,269.10648718655
485.560382222397,1346311629869.37,5005339408.37272,268.97509240179
485.967156592387,1346502142232.71,5008492768.41088,268.843782849252
486.374158603237,1346692565616.21,5011647290.99523,268.712558450772
486.781388312505,1346882900007.29,5014802976.24037,268.581419128266
487.188845778093,1347073145393.38,5017959824.2608,268.450364803751
487.596531057002,1347263301761.91,5021117835.17104,268.319395399334
488.004444207109,1347453369100.3,5024277009.0856,268.18851083721
488.412585286344,1347643347396,5027437346.11897,268.057711039669
488.820954351795,1347833236636.45,5030598846.38567,267.926995929089
489.229551461311,1348023036809.11,5033761510.0002,267.79636542794
489.638376672649,1348212747901.44,5036925337.07706,267.665819458782
490.047430043077,1348402369900.89,5040090327.73072,267.535357944269
490.456711630572,1348591902794.93,5043256482.07568,267.40498080714
490.866221492361,1348781346571.05,5046423800.22643,267.274687970227
491.275959686045,1348970701216.72,5049592282.29735,267.144479356458
491.685926269467,1349159966719.43,5052761928.40299,267.014354888842
492.096121299715,1349349143066.67,5055932738.65777,266.884314490482
492.506544834645,1349538230245.94,5059104713.17618,266.75435808457
492.917196931938,1349727228244.75,5062277852.07269,266.624485594388
493.328077648737,1349916137050.6,5065452155.46165,266.494696943312
493.739187043067,1350104956651.02,5068627623.45759,266.364992054799
494.150525172015,1350293687033.52,5071804256.17491,266.235370852402
494.562092093186,1350482328185.63,5074982053.72799,266.105833259764
494.973887864331,1350670880094.9,5078161016.23133,265.976379200609
495.385912542685,1350859342748.85,5081341143.79936,265.847008598757
495.798166185863,1351047716135.03,5084522436.54643,265.717721378118
496.210648851483,1351236000241,5087704894.58697,265.588517462686
496.623360596886,1351424195054.32,5090888518.0354,265.459396776545
497.036301479496,1351612300562.54,5094073307.0061,265.33035924387
497.449471556877,1351800316753.24,5097259261.61349,265.201404788921
497.862870886591,1351988243613.99,5100446381.97195,265.072533336048
498.276499526062,1352176081132.37,5103634668.19587,264.943744809689
498.690357532533,1352363829295.97,5106824120.39965,264.815039134369
499.104444963746,1352551488092.39,5110014738.69764,264.686416234703
499.518761876849,1352739057509.22,5113206523.20419,264.557876035394
499.933308329777,1352926537534.07,5116399474.03378,264.429418461225
500.348084379483,1353113928154.55,5119593591.30063,264.301043437081
500.763090083669,1353301229358.27,5122788875.11919,264.172750887921
501.178325499502,1353488441132.86,5125985325.60379,264.044540738797
501.593790684762,1353675563465.95,5129182942.86881,263.916412914847
502.009485696493,1353862596345.18,5132381727.02858,263.788367341297
502.425410592407,1354049539758.17,5135581678.19743,263.66040394346
502.841565429643,1354236393692.58,5138782796.48969,263.532522646737
503.257950265741,1354423158136.06,5141985082.01979,263.404723376607
503.674565158291,1354609833076.27,5145188534.90195,263.27700605865
504.091410164083,1354796418500.88,5148393155.25054,263.149370618521
504.508485341311,1354982914397.55,5151598943.17992,263.021816981964
504.925790746664,1355169320753.95,5154805898.80435,262.894345074813
505.343326437854,1355355637557.78,5158014022.23824,262.766954822982
505.761092472044,1355541864796.72,5161223313.59579,262.639646152478
506.179088906786,1355728002458.46,5164433772.9914,262.512418989387
506.597315799348,1355914050530.7,5167645400.5393,262.385273259886
507.015773207071,1356100009001.15,5170858196.35387,262.258208890233
507.434461187325,1356285877857.51,5174072160.5494,262.131225806773
507.853379797278,1356471657087.52,5177287293.24014,262.00432393594
508.272529094626,1356657346678.88,5180503594.54039,261.87750320425
508.691909136117,1356842946619.33,5183721064.56451,261.7507635383
509.111519979559,1357028456896.61,5186939703.4267,261.624104864782
509.531361682306,1357213877498.45,5190159511.24129,261.497527110463
509.951434301281,1357399208412.6,5193380488.12257,261.3710302022
510.37173789403,1357584449626.82,5196602634.1848,261.244614066934
510.792272517828,1357769601128.86,5199825949.54225,261.118278631689
511.21303822977,1357954662906.49,5203050434.30921,260.992023823575
511.634035087501,1358139634947.48,5206276088.59996,260.865849569784
512.055263148011,1358324517239.61,5209502912.52872,260.739755797597
512.476722468623,1358509309770.65,5212730906.20976,260.613742434374
512.898413106809,1358694012528.4,5215960069.75742,260.487809407558
513.320335119457,1358878625500.66,5219190403.28584,260.361956644684
513.742488564172,1359063148675.21,5222421906.90937,260.23618407336
514.164873497957,1359247582039.88,5225654580.74222,260.110491621284
514.587489978209,1359431925582.46,5228888424.89864,259.984879216238
515.010338062243,1359616179290.78,5232123439.49288,259.859346786085
515.433417807158,1359800343152.67,5235359624.63921,259.733894258768
515.856729270166,1359984417155.94,5238596980.45184,259.608521562321
516.280272508458,1360168401288.45,5241835507.04504,259.483228624855
516.704047579352,1360352295538.03,5245075204.53301,259.358015374566
517.128054540151,1360536099892.52,5248316073.03001,259.232881739731
517.552293447803,1360719814339.79,5251558112.65027,259.107827648713
517.976764359705,1360903438867.69,5254801323.50804,258.982853029954
518.401467333081,1361086973464.09,5258045705.71753,258.857957811979
518.826402424996,1361270418116.85,5261291259.39295,258.733141923398
519.251569692704,1361453772813.87,5264537984.64855,258.608405292901
519.676969193326,1361637037543.01,5267785881.59855,258.48374784926
520.102600984184,1361820212292.17,5271034950.35718,258.359169521328
520.528465122296,1362003297049.25,5274285191.03862,258.234670238043
520.954561664957,1362186291802.15,5277536603.75715,258.110249928421
521.380890669243,1362369196538.77,5280789188.62693,257.985908521563
521.807452192253,1362552011247.03,5284042945.76219,257.861645946651
522.234246291351,1362734735914.84,5287297875.27714,257.737462132945
522.661273023437,1362917370530.13,5290553977.286,257.613357009788
523.088532445832,1363099915080.84,5293811251.90299,257.489330506607
523.516024615605,1363282369554.9,5297069699.2423,257.365382552906
523.943749589886,1363464733940.25,5300329319.41813,257.241513078273
524.371707425823,1363647008224.84,5303590112.54471,257.117722012373
524.799898180444,1363829192396.63,5306852078.7362,256.994009284958
525.228321910996,1364011286443.58,5310115218.10687,256.870374825853
525.656978674557,1364193290353.65,5313379530.77084,256.74681856497
526.085868528169,1364375204114.81,5316645016.84237,256.623340432297
526.514991529029,1364557027715.06,5319911676.43562,256.499940357905
526.944347734103,1364738761142.36,5323179509.66481,256.376618271942
527.373937200578,1364920404384.72,5326448516.64414,256.25337410464
527.803759985572,1365101957430.12,5329718697.48777,256.130207786309
528.233816146029,1365283420266.57,5332990052.30993,256.007119247337
528.664105739213,1365464792882.08,5336262581.22482,255.884108418194
529.094628822118,1365646075264.67,5339536284.34659,255.76117522943
529.525385451749,1365827267402.35,5342811161.78946,255.638319611673
529.956375685206,1366008369283.15,5346087213.6676,255.515541495631
530.387599579525,1366189380895.1,5349364440.09522,255.392840812091
530.819057191769,1366370302226.24,5352642841.18651,255.270217491919
531.250748579082,1366551133264.62,5355922417.05566,255.147671466059
531.682673798354,1366731873998.28,5359203167.81681,255.02520266554
532.114832906713,1366912524415.29,5362485093.58422,254.902811021459
532.547225961175,1367093084503.7,5365768194.47202,254.780496465002
532.979853018785,1367273554251.58,5369052470.59442,254.658258927428
533.41271413652,1367453933647.01,5372337922.0656,254.536098340077
533.845809371482,1367634222678.07,5375624548.99977,254.414014634363
534.279138780596,1367814421332.83,5378912351.51107,254.292007741785
534.712702420901,1367994529599.41,5382201329.71371,254.170077593915
535.146500349412,1368174547465.88,5385491483.72186,254.048224122406
535.580532623128,1368354474920.36,5388782813.64974,253.926447258987
536.014799299063,1368534311950.96,5392075319.6115,253.804746935465
536.44930043413,1368714058545.8,5395369001.72132,253.683123083727
536.884036085412,1368893714692.98,5398663860.09342,253.561575635734
537.319006309908,1369073280380.65,5401959894.84194,253.440104523529
537.754211164485,1369252755596.94,5405257106.08111,253.318709679226
538.189650706195,1369432140329.98,5408555493.9251,253.197391035024
538.625324991956,1369611434567.92,5411855058.48807,253.076148523194
539.061234078772,1369790638298.92,5415155799.8842,252.954982076086
539.497378023564,1369969751511.13,5418457718.22772,252.833891626126
539.933756883358,1370148774192.72,5421760813.63279,252.712877105818
540.370370714966,1370327706331.85,5425065086.21361,252.59193844774
540.807219575516,1370506547916.71,5428370536.08433,252.471075584553
541.24430352182,1370685298935.46,5431677163.35918,252.350288448986
541.681622610869,1370863959376.31,5434984968.15231,252.229576973853
542.119176899581,1371042529227.44,5438293950.57795,252.108941092038
542.556966444848,1371221008477.06,5441604110.75026,251.988380736503
542.994991303634,1371399397113.36,5444915448.78342,251.867895840289
543.433251532912,1371577695124.57,5448227964.79164,251.747486336509
543.871747189504,1371755902498.9,5451541658.88911,251.627152158354
544.310478330304,1371934019224.57,5454856531.19001,251.506893239092
544.749445012315,1372112045289.81,5458172581.80854,251.386709512063
545.188647292395,1372289980682.86,5461489810.8589,251.266600910686
545.628085227425,1372467825391.96,5464808218.45528,251.146567368454
546.067758874296,1372645579405.36,5468127804.71187,251.026608818937
546.507668289914,1372823242711.31,5471448569.74287,250.906725195779
546.947813531165,1373000815298.07,5474770513.66249,250.786916432697
547.388194654955,1373178297153.91,5478093636.58489,250.66718246349
547.828811718097,1373355688267.09,5481417938.62432,250.547523222023
548.269664777494,1373532988625.9,5484743419.89495,250.427938642243
548.71075389005,1373710198218.62,5488070080.51101,250.308428658169
549.15207911257,1373887317033.54,5491397920.58668,250.188993203894
549.593640501959,1374064345058.95,5494726940.23615,250.069632213589
550.035438115033,1374241282283.16,5498057139.57366,249.950345621494
550.477472008669,1374418128694.47,5501388518.71342,249.831133361928
550.919742239692,1374594884281.2,5504721077.76962,249.711995369283
551.362248864956,1374771549031.67,5508054816.85647,249.592931578025
551.804991941345,1374948122934.2,5511389736.08823,249.473941922692
552.247971525626,1375124605977.12,5514725835.57906,249.355026337901
552.691187674677,1375300998148.78,5518063115.44321,249.236184758338
553.134640445247,1375477299437.5,5521401575.79486,249.117417118767
553.578329894283,1375653509831.66,5524741216.74827,248.998723354021
554.022256078491,1375829629319.59,5528082038.41766,248.88010339901
554.466419054757,1376005657889.67,5531424040.91722,248.761557188716
554.910818879864,1376181595530.26,5534767224.36123,248.643084658196
555.355455610594,1376357442229.73,5538111588.86389,248.524685742578
555.800329303811,1376533197976.46,5541457134.53941,248.406360377066
556.245440016272,1376708862758.84,5544803861.50207,248.288108496934
556.690787804814,1376884436565.27,5548151769.86607,248.169930037531
557.13637272608,1377059919384.13,5551500859.74567,248.051824934278
557.582194837079,1377235311203.83,5554851131.25508,247.93379312267
558.028254194443,1377410612012.78,5558202584.50861,247.815834538272
558.474550855025,1377585821799.4,5561555219.62043,247.697949116726
558.921084875536,1377760940552.11,5564909036.70481,247.580136793743
559.367856312821,1377935968259.34,5568264035.87602,247.462397505107
559.814865223569,1378110904909.52,5571620217.24829,247.344731186674
560.262111664621,1378285750491.09,5574977580.93589,247.227137774375
560.709595692727,1378460504992.49,5578336127.05308,247.109617204208
561.157317364568,1378635168402.18,5581695855.71412,246.992169412248
561.605276736967,1378809740708.62,5585056767.03326,246.874794334639
562.053473866647,1378984221900.27,5588418861.12476,246.7574919076
562.501908810383,1379158611965.6,5591782138.10294,246.640262067415
562.950581624831,1379332910893.08,5595146598.08201,246.523104750447
563.399492366876,1379507118671.2,5598512241.17629,246.406019893128
563.84864109314,1379681235288.45,5601879067.50002,246.289007431959
564.298027860379,1379855260733.31,5605247077.16752,246.172067303515
564.747652725338,1380029194994.3,5608616270.29307,246.055199444441
565.197515744753,1380203038059.91,5611986646.99093,245.938403791455
565.647616975263,1380376789918.66,5615358207.37542,245.821680281344
566.09795647369,1380550450559.06,5618730951.56081,245.705028850966
566.548534296673,1380724019969.65,5622104879.66141,245.588449437251
566.999350500965,1380897498138.94,5625479991.79153,245.471941977198
567.450405143281,1381070885055.48,5628856288.06547,245.35550640788
567.901698280301,1381244180707.81,5632233768.59753,245.239142666437
568.353229968698,1381417385084.48,5635612433.50204,245.12285069008
568.805000265197,1381590498174.03,5638992282.89329,245.006630416092
569.257009226476,1381763519965.04,5642373316.88562,244.890481781826
569.709256909259,1381936450446.06,5645755535.59333,244.774404724705
570.161743370172,1382109289605.68,5649138939.13079,244.658399182219
570.614468665964,1382282037432.46,5652523527.61228,244.542465091934
571.067432853294,1382454693915,5655909301.15216,244.426602391481
571.520635988787,1382627259041.88,5659296259.86477,244.310811018562
571.974078129196,1382799732801.7,5662684403.86445,244.195090910949
572.427759331131,1382972115183.06,5666073733.26555,244.079442006485
572.881679651257,1383144406174.57,5669464248.18241,243.96386424308
573.335839146282,1383316605764.85,5672855948.72938,243.848357558715
573.790237872831,1383488713942.51,5676248835.02083,243.73292189144
574.244875887535,1383660730696.19,5679642907.17115,243.617557179373
574.699753247098,1383832656014.51,5683038165.29464,243.502263360705
575.154870008183,1384004489886.12,5686434609.50574,243.387040373689
575.610226227389,1384176232299.65,5689832239.91879,243.271888156655
576.065821961351,1384347883243.77,5693231056.64817,243.156806647997
576.521657266744,1384519442707.12,5696631059.80827,243.041795786178
576.977732200171,1384690910678.38,5700032249.51347,242.926855509732
577.434046818337,1384862287146.2,5703434625.87819,242.81198575726
577.890601177777,1385033572099.26,5706838189.01681,242.69718646743
578.347395335146,1385204765526.26,5710242939.04375,242.582457578981
578.804429347132,1385375867415.86,5713648876.07339,242.46779903072
579.261703270311,1385546877756.77,5717056000.22016,242.35321076152
579.719217161239,1385717796537.69,5720464311.59846,242.238692710326
580.176971076626,1385888623747.31,5723873810.32275,242.124244816146
580.634965073064,1386059359374.36,5727284496.50743,242.00986701806
581.093199207136,1386230003407.54,5730696370.26694,241.895559255214
581.551673535447,1386400555835.59,5734109431.7157,241.781321466822
582.010388114646,1386571016647.23,5737523680.96819,241.667153592166
582.469343001279,1386741385831.2,5740939118.13882,241.553055570597
582.928538251972,1386911663376.24,5744355743.34206,241.43902734153
583.387973923286,1387081849271.09,5747773556.69237,241.325068844449
583.847650071874,1387251943504.51,5751192558.30421,241.211180018907
584.307566754273,1387421946065.27,5754612748.29204,241.097360804522
584.767724027071,1387591856942.12,5758034126.77035,240.98361114098
585.228121946901,1387761676123.84,5761456693.85362,240.869930968034
585.688760570298,1387931403599.2,5764880449.65633,240.756320225503
586.149639953814,1388101039357,5768305394.29296,240.642778853276
586.610760154084,1388270583386.01,5771731527.87802,240.529306791304
587.072121227652,1388440035675.05,5775158850.526,240.415903979609
587.533723231102,1388609396212.9,5778587362.35141,240.302570358277
587.99556622099,1388778664988.38,5782017063.46879,240.189305867459
588.457650253865,1388947841990.29,5785447953.99263,240.076110447378
588.919975386298,1389116927207.47,5788880034.03746,239.962984038319
589.382541674863,1389285920628.74,5792313303.7178,239.849926580634
589.845349176108,1389454822242.93,5795747763.14822,239.73693801474
590.308397946558,1389623632038.88,5799183412.44324,239.624018281122
590.771688042788,1389792350005.43,5802620251.7174,239.511167320332
591.235219521376,1389960976131.44,5806058281.08529,239.398385072984
591.698992438835,1390129510405.76,5809497500.66143,239.285671479761
592.163006851669,1390297952817.25,5812937910.56042,239.173026481409
592.627262816482,1390466303354.79,5816379510.89681,239.060450018743
593.09176038981,1390634562007.25,5819822301.7852,238.947942032642
593.55649962812,1390802728763.5,5823266283.34017,238.835502464048
594.021480588014,1390970803612.44,5826711455.6763,238.723131253973
594.486703326012,1391138786542.96,5830157818.90821,238.61082834349
594.952167898624,1391306677543.96,5833605373.15049,238.49859367374
595.417874362368,1391474476604.35,5837054118.51778,238.386427185926
595.883822773782,1391642183713.03,5840504055.12465,238.274328821321
596.35001318939,1391809798858.93,5843955183.08577,238.162298521258
596.816445665704,1391977322030.96,5847407502.51575,238.050336227137
597.283120259236,1392144753218.06,5850861013.52924,237.938441880422
597.750037026496,1392312092409.16,5854315716.24088,237.826615422644
598.217196024007,1392479339593.2,5857771610.76533,237.714856795394
598.684597308312,1392646494759.14,5861228697.21724,237.603165940332
599.15224093583,1392813557895.93,5864686975.71128,237.49154279918
599.620126963138,1392980528992.52,5868146446.36214,237.379987313724
