i,S_single
1.00344849611189,4.8626441550729
1.00811875466237,4.85313760214179
1.01281211031971,4.8436613629116
1.0175286854457,4.83421531786243
1.02226860309992,4.82479934802932
1.02703198704423,4.81541333499932
1.03181896174809,4.80605716090844
1.03662965239116,4.79673070843897
1.04146418486852,4.78743386081646
1.04632268579536,4.77816650180686
1.05120528251157,4.7689285157137
1.05611210308471,4.75971978737527
1.06104327631639,4.75054020216177
1.06599893174638,4.74138964597253
1.07097919965556,4.73226800523326
1.07598421107251,4.72317516689315
1.08101409777751,4.71411101842233
1.08606899230641,4.70507544780897
1.09114902795697,4.69606834355664
1.09625433879147,4.68708959468158
1.10138505964342,4.67813909071002
1.10654132612032,4.66921672167552
1.11172327461118,4.6603223781163
1.11693104228847,4.6514559510726
1.12216476711474,4.64261733208409
1.12742458784706,4.63380641318724
1.1327106440425,4.62502308691264
1.13802307606166,4.61626724628259
1.14336202507543,4.60753878480843
1.14872763306884,4.59883759648802
1.1541200428463,4.59016357580317
1.15953939803753,4.58151661771717
1.1649858431015,4.57289661767231
1.17045952333273,4.56430347158719
1.1759605848657,4.55573707585464
1.18148917467964,4.54719732733882
1.18704544060567,4.53868412337305
1.19262953133064,4.5301973617573
1.19824159640268,4.52173694075579
1.20388178623611,4.51330275909453
1.20955025211865,4.504894715959
1.21524714621537,4.49651271099172
1.22097262157363,4.48815664428991
1.2267268321305,4.47982641640319
1.23250993271726,4.47152192833109
1.23832207906449,4.4632430815209
1.24416342780933,4.4549897778653
1.25003413649881,4.44676191970003
1.25593436359798,4.43855940980163
1.26186426849423,4.43038215138519
1.26782401150378,4.42223004810208
1.2738137538763,4.41410300403767
1.27983365780333,4.40600092370921
1.28588388642123,4.39792371206341
1.29196460381875,4.38987127447448
1.29807597504296,4.38184351674176
1.30421816610526,4.3738403450876
1.31039134398727,4.36586166615522
1.31659567664643,4.35790738700649
1.32283133302367,4.34997741511985
1.32909848304809,4.34207165838813
1.33539729764355,4.33419002511651
1.34172794873612,4.32633242402021
1.34809060925869,4.31849876422277
1.35448545315841,4.31068895525353
1.36091265540316,4.30290290704589
1.36737239198725,4.2951405299351
1.37386483993859,4.28740173465625
1.38039017732563,4.27968643234221
1.38694858326273,4.27199453452166
1.39354023791708,4.26432595311704
1.40016532251743,4.25668060044249
1.40682401935732,4.249058389202
1.41351651180496,4.24145923248732
1.42024298430794,4.23388304377605
1.42700362240217,4.22632973692963
1.43379861271608,4.21879922619146
1.44062814298095,4.21129142618491
1.44749240203455,4.20380625191143
1.45439157983022,4.19634361874864
1.46132586744386,4.1889034424484
1.46829545708096,4.18148563913496
1.47530054208248,4.17409012530301
1.48234131693463,4.1667168178159
1.48941797727416,4.15936563390372
1.49653071989622,4.15203649116151
1.50367974276238,4.14472930754732
1.51086524500742,4.1374440013805
1.51808742694687,4.1301804913398
1.52534649008488,4.12293869646161
1.53264263712224,4.11571853613814
1.53997607196242,4.1085199301156
1.54734699972196,4.10134279849251
1.55475562673569,4.09418706171787
1.56220216056529,4.08705264058942
1.56968681000867,4.07993945625188
1.57720978510603,4.07284743019523
1.58477129714815,4.06577648425297
1.59237155868566,4.05872654060043
1.60001078353553,4.05169752175302
1.60768918679126,4.04468935056453
1.61540698482847,4.0377019502255
1.62316439531531,4.03073524426148
1.63096163722029,4.02378915653139
1.63879893081977,4.01686361122585
1.64667649770769,4.00995853286552
1.65459456080356,4.00307384629946
1.66255334436006,3.99620947670353
1.67055307397388,3.9893653495787
1.67859397659237,3.9825413907495
1.68667628052287,3.97573752636239
1.6948002154421,3.96895368288409
1.70296601240453,3.96218978710015
1.7111739038512,3.95544576611322
1.71942412361889,3.94872154734156
1.72771690694974,3.94201705851744
1.73605249049943,3.93533222768563
1.74443111234644,3.92866698320179
1.75285301200276,3.92202125373098
1.76131843042069,3.91539496824616
1.76982761000468,3.90878805602655
1.77838079461939,3.90220044665625
1.78697822959935,3.8956320700227
1.79562016175904,3.88908285631514
1.80430683940215,3.88255273602317
1.81303851233113,3.87604163993526
1.82181543185742,3.86954949913726
1.83063785081158,3.86307624501096
1.8395060235514,3.85662180923267
1.84842020597483,3.85018612377164
1.85738065552747,3.8437691208888
1.86638763121389,3.83737073313522
1.8754413936074,3.83099089335071
1.88454220486135,3.8246295346624
1.89369032871775,3.81828659048336
1.90288603051935,3.81196199451118
1.91212957721854,3.80565568072655
1.92142123738964,3.79936758339197
1.93076128123806,3.79309763705022
1.94014998061249,3.78684577652315
1.94958760901407,3.78061193691024
1.95907444160831,3.77439605358724
1.96861075523623,3.76819806220484
1.97819682842337,3.76201789868735
1.98783294139452,3.75585549923133
1.99751937608192,3.74971080030428
2.00725641613709,3.74358373864336
2.01704434694313,3.73747425125399
2.02688345562532,3.73138227540867
2.03677403106298,3.72530774864554
2.04671636390019,3.71925060876723
2.05671074656001,3.71321079383948
2.0667574732521,3.70718824218993
2.07685683998853,3.7011828924068
2.08700914459371,3.69519468333766
2.09721468671616,3.68922355408815
2.10747376784203,3.68326944402078
2.11778669130586,3.67733229275366
2.12815376230318,3.67141204015919
2.1385752879037,3.66550862636298
2.14905157706317,3.65962199174255
2.15958294063546,3.65375207692609
2.17016969138515,3.64789882279131
2.18081214400193,3.64206217046419
2.19151061511152,3.63624206131783
2.20226542328859,3.63043843697122
2.21307688907118,3.62465123928809
2.22394533497332,3.61888041037569
2.23487108549609,3.61312589258368
2.24585446714461,3.60738762850294
2.25689580843786,3.6016655609644
2.267995439925,3.59595963303792
2.27915369419672,3.5902697880311
2.29037090589951,3.58459596948818
2.30164741175083,3.5789381211889
2.31298355055097,3.57329618714737
2.32437966319796,3.56767011161096
2.33583609270138,3.56205983905914
2.34735318419698,3.55646531420243
2.35893128496041,3.5508864819813
2.37057074442158,3.54532328756502
2.38227191417935,3.53977567635061
2.39403514801578,3.53424359396174
2.40586080191194,3.52872698624765
2.41774923406038,3.5232257992821
2.42970080488278,3.51773997936226
2.44171587704242,3.51226947300773
2.45379481546071,3.50681422695933
2.46593798733263,3.50137418817823
2.47814576214109,3.4959493038448
2.49041851167288,3.49053952135758
2.50275661003349,3.48514478833228
2.51516043366443,3.4797650526007
2.52763036135717,3.47440026220977
2.54016677427031,3.46905036542049
2.55277005594445,3.46371531070693
2.5654405923192,3.45839504675519
2.57817877174891,3.45308952246248
2.59098498501968,3.44779868693605
2.60385962536537,3.44252248949223
2.61680308848305,3.43726087965543
2.6298157725522,3.43201380715718
2.64289807824942,3.42678122193512
2.65605040876623,3.42156307413209
2.66927316982604,3.41635931409512
2.68256676970154,3.41116989237442
2.69593161923107,3.40599475972255
2.70936813183834,3.40083386709338
2.72287672354656,3.39568716564118
2.73645781299993,3.39055460671965
2.75011182147774,3.38543614188103
2.76383917291592,3.3803317228751
2.77764029392243,3.37524130164836
2.79151561379659,3.37016483034299
2.80546556454809,3.36510226129604
2.81949058091312,3.36005354703846
2.83359110037686,3.35501864029417
2.84776756318776,3.34999749397925
2.86202041238052,3.34499006120096
2.87635009379228,3.33999629525689
2.8907570560827,3.33501614963405
2.90524175075452,3.33004957800803
2.91980463217132,3.32509653424204
2.93444615757708,3.32015697238613
2.94916678711775,3.31523084667629
2.96396698385939,3.3103181115335
2.97884721380909,3.30541872156302
2.9938079459349,3.30053263155345
3.00884965218636,3.29565979647587
3.0239728075139,3.29080017148301
3.0391778898921,3.28595371190844
3.05446538033792,3.28112037326569
3.0698357629322,3.27630011124742
3.08528952484166,3.27149288172463
3.10082715633945,3.26669864074576
3.11644915082755,3.26191734453597
3.13215600485604,3.25714894949624
3.14794821814763,3.25239341220262
3.16382629361836,3.24765068940537
3.17979073739859,3.24292073802817
3.19584205885732,3.23820351516735
3.2119807706229,3.23349897809108
3.22820738860639,3.22880708423856
3.2445224320247,3.22412779121925
3.26092642342181,3.21946105681207
3.27741988869377,3.21480683896467
3.29400335711112,3.21016509579259
3.31067736134199,3.20553578557855
3.32744243747594,3.20091886677162
3.34429912504797,3.19631429798652
3.36124796706261,3.19172203800281
3.37828951001662,3.18714204576417
3.39542430392625,3.18257428037763
3.41265290234805,3.17801870111284
3.42997586240621,3.17347526740128
3.44739374481631,3.16894393883559
3.46490711391062,3.16442467516878
3.48251653766333,3.15991743631354
3.50022258771595,3.15542218234147
3.5180258394031,3.15093887348238
3.53592687177778,3.14646747012356
3.55392626763727,3.14200793280906
3.57202461355046,3.13756022223902
3.59022249988328,3.13312429926885
3.60852052082507,3.12870012490866
3.62691927441635,3.12428766032247
3.64541936257456,3.11988686682755
3.6640213911227,3.11549770589368
3.68272596981516,3.11112013914252
3.70153371236589,3.10675412834686
3.7204452364777,3.10239963542998
3.73946116386708,3.09805662246497
3.75858212029533,3.09372505167398
3.77780873559657,3.08940488542765
3.79714164370375,3.08509608624436
3.81658148268155,3.08079861678962
3.83612889475192,3.07651243987534
3.85578452632597,3.07223751845924
3.87554902803145,3.06797381564413
3.89542305474419,3.0637212946773
3.91540726561664,3.05947991894985
3.93550232410932,3.05524965199605
3.95570889802005,3.05103045749268
3.97602765951559,3.04682229925839
3.9964592851624,3.0426251412531
4.01700445595691,3.0384389475773
4.03766385735772,3.0342636824715
4.05843817931712,3.03009931031552
4.07932811631232,3.02594579562792
4.10033436737803,3.02180310306537
4.12145763613948,3.01767119742196
4.14269863084304,3.01355004362874
4.16405806439047,3.00943960675294
4.18553665437274,3.00533985199746
4.2071351231005,3.00125074470023
4.22885419764143,2.99717225033362
4.25069460985022,2.99310433450383
4.27265709640579,2.98904696295028
4.29474239884375,2.98500010154507
4.31695126359198,2.9809637162923
4.33928444200439,2.97693777332757
4.36174269039756,2.97292223891733
4.38432677008518,2.96891707945833
4.40703744741385,2.96492226147705
4.42987549379863,2.96093775162907
4.45284168575975,2.95696351669857
4.47593680496017,2.9529995235977
4.49916163823953,2.94904573936604
4.52251697765427,2.94510213117002
4.54600362051256,2.94116866630239
4.56962236941418,2.93724531218158
4.59337403228562,2.93333203635127
4.61725942242123,2.9294288064797
4.64127935852036,2.92553559035923
4.66543466472445,2.92165235590572
4.68972617065994,2.91777907115801
4.71415471147459,2.91391570427739
4.73872112787788,2.91006222354702
4.76342626618158,2.90621859737145
4.78827097834031,2.90238479427599
4.81325612198995,2.89856078290633
4.83838256049223,2.89474653202784
4.86365116297237,2.89094201052514
4.88906280436288,2.88714718740159
4.91461836544511,2.8833620317787
4.94031873289016,2.87958651289566
4.96616479930336,2.87582060010881
4.99215746326497,2.87206426289112
5.01829762937611,2.86831747083166
5.04458620829937,2.86458019363516
5.07102411680505,2.86085240112142
5.09761227781311,2.85713406322485
5.12435162044031,2.85342514999397
5.15124308004254,2.84972563159089
5.17828759826162,2.84603547829082
5.20548612307093,2.84235466048159
5.23283960882052,2.83868314866315
5.26034901628393,2.83502091344706
5.28801531270409,2.83136792555605
5.31583947184206,2.82772415582346
5.34382247402222,2.82408957519284
5.3719653061821,2.82046415471743
5.40026896191835,2.81684786555967
5.42873444153726,2.81324067899075
5.4573627521028,2.80964256639013
5.4861549074848,2.80605349924506
5.51511192841078,2.80247344915012
5.5442348425137,2.79890238780676
5.57352468438483,2.7953402870228
5.6029824956217,2.79178711871202
5.63260932488145,2.78824285489368
5.66240622793163,2.78470746769205
5.69237426770291,2.78118092933597
5.72251451433994,2.77766321215838
5.75282804525541,2.7741542885959
5.78331594518303,2.77065413118835
5.81397930623113,2.76716271257834
5.84481922793653,2.76368000551074
5.87583681731992,2.76020598283241
5.90703318893879,2.75674061749154
5.93840946494509,2.75328388253739
5.96996677513904,2.74983575111978
6.00170625702733,2.74639619648865
6.0336290558774,2.74296519199367
6.06573632477692,2.73954271108375
6.09802922468903,2.73612872730669
6.13050892451282,2.73272321430869
6.16317660113916,2.72932614583396
6.19603343951202,2.72593749572426
6.22908063268605,2.72255723791856
6.26231938188752,2.71918534645255
6.29575089657342,2.71582179545824
6.32937639449416,2.71246655916359
6.36319710175256,2.70911961189202
6.39721425286711,2.70578092806211
6.43142909083404,2.70245048218706
6.46584286718962,2.69912824887442
6.50045684207351,2.69581420282557
6.53527228429217,2.69250831883541
6.57029047138419,2.6892105717919
6.60551268968295,2.68592093667572
6.64094023438455,2.6826393885598
6.67657440961046,2.67936590260899
6.71241652847675,2.67610045407964
6.74846791315886,2.67284301831922
6.78472989496008,2.66959357076594
6.82120381437818,2.66635208694831
6.85789102117449,2.66311854248487
6.89479287444404,2.65989291308367
6.93191074268266,2.656675174542
6.96924600385798,2.65346530274593
7.00680004548091,2.65026327367002
7.04457426467532,2.64706906337687
7.08257006825122,2.64388264801676
7.12078887277504,2.64070400382732
7.15923210464528,2.6375331071331
7.19790120016227,2.6343699343453
7.23679760560629,2.63121446196125
7.27592277730783,2.62806666656419
7.31527818172653,2.62492652482285
7.35486529552476,2.62179401349109
7.39468560564502,2.61866910940752
7.43474060938596,2.61555178949519
7.47503181448026,2.61244203076121
7.51556073917438,2.60933981029635
7.55632891230423,2.60624510527481
7.59733787337804,2.60315789295372
7.63858917265393,2.6000781506729
7.68008437122241,2.59700585585447
7.72182504108609,2.59394098600252
7.76381276524276,2.59088351870273
7.80604913776789,2.58783343162207
7.84853576389821,2.58479070250846
7.89127426011519,2.58175530919036
7.93426625422941,2.57872722957656
7.9775133854672,2.5757064416557
8.02101730455509,2.57269292349605
8.064779673808,2.56968665324511
8.10880216721557,2.56668760912932
8.15308647053065,2.5636957694537
8.19763428135785,2.56071111260153
8.24244730924371,2.55773361703403
8.28752727576599,2.55476326129004
8.33287591462578,2.55180002398569
8.37849497173814,2.54884388381403
8.42438620532505,2.54589481954484
8.47055138600808,2.54295281002415
8.51699229690306,2.54001783417403
8.56371073371396,2.53708987099225
8.61070850482963,2.53416889955195
8.65798743141722,2.53125489900133
8.70554934752293,2.52834784856335
8.7533961001658,2.52544772753542
8.80152954944037,2.52255451528904
8.84995156861112,2.51966819126963
8.89866404421782,2.51678873499603
8.94766887617245,2.51391612606036
8.9969679778626,2.51105034412764
9.04656327625326,2.50819136893549
9.09645671199152,2.50533918029386
9.14665023950937,2.5024937580847
9.19714582712925,2.49965508226168
9.24794545716987,2.4968231328499
9.29905112605329,2.49399788994558
9.35046484441234,2.49117933371576
9.40218863719861,2.48836744439803
9.45422454379178,2.48556220230023
9.50657461811111,2.48276358780017
9.55924092872483,2.47997158134533
9.61222555896307,2.47718616345255
9.66553060703103,2.47440731470781
9.71915818612172,2.47163501576589
9.77311042453178,2.4688692473501
9.82738946577702,2.466109990252
9.88199746870744,2.46335722533114
9.93693660762714,2.46061093351476
9.99220907241099,2.45787109579751
10.0478170686252,2.4551376932412
10.1037628176475,2.45241070697447
10.1600485567869,2.4496901181926
10.2166765394094,2.44697590815716
10.2736490350571,2.44426805819579
10.3309683295775,2.44156654970187
10.3886367252433,2.43887136413436
10.4466565408838,2.4361824830174
10.5050301120092,2.43349988794014
10.5637597909402,2.43082356055644
10.6228479469366,2.4281534825846
10.6822969663289,2.42548963580714
10.7421092526497,2.42283200207046
10.8022872267656,2.42018056328467
10.8628333270118,2.41753530142323
10.9237500093251,2.41489619852284
10.9850397473831,2.41226323668301
11.0467050327375,2.40963639806592
11.1087483749551,2.40701566489615
11.1711723017551,2.40440101946038
11.2339793591503,2.4017924441072
11.2971721115893,2.39918992124681
11.3607531420969,2.39659343335079
11.4247250524207,2.39400296295187
11.4890904631738,2.39141849264365
11.5538520139828,2.38884000508035
11.619012363633,2.38626748297663
11.6845741902193,2.38370090910725
11.7505401912941,2.38114026630691
11.8169130840195,2.37858553746996
11.8836956053179,2.37603670555018
11.9508905120277,2.37349375356053
12.0185005810558,2.37095666457293
12.0865286095351,2.368425421718
12.1549774149815,2.36590000818482
12.2238498354503,2.36338040722073
12.2931487296996,2.36086660213107
12.3628769773486,2.35835857627895
12.4330374790398,2.35585631308501
12.5036331566057,2.35335979602721
12.5746669532308,2.35086900864059
12.6461418336191,2.34838393451702
12.7180607841612,2.34590455730503
12.7904268131062,2.34343086070949
12.8632429507275,2.34096282849152
12.9365122494984,2.3385004444681
13.0102377842652,2.33604369251198
13.0844226524184,2.3335925565514
13.1590699740737,2.33114702056988
13.2341828922455,2.32870706860601
13.3097645730297,2.32627268475316
13.3858182057794,2.32384385315939
13.462347003292,2.32142055802712
13.5393542019882,2.31900278361297
13.6168430621007,2.31659051422752
13.6948168678567,2.3141837342351
13.7732789276702,2.31178242805359
13.8522325743277,2.3093865801542
13.9316811651814,2.30699617506124
14.0116280823414,2.30461119735194
14.0920767328695,2.30223163165622
14.1730305489752,2.29985746265647
14.2544929882125,2.29748867508739
14.3364675336806,2.29512525373571
14.4189576942222,2.29276718344006
14.5019670046276,2.2904144490907
14.5854990258376,2.28806703562937
14.6695573451488,2.28572492804904
14.754145576422,2.28338811139375
14.8392673602902,2.28105657075835
14.9249263643694,2.27873029128838
15.0111262834714,2.2764092581798
15.0978708398174,2.27409345667882
15.1851637832543,2.2717828720817
15.2730088914721,2.26947748973456
15.361409970222,2.26717729503315
15.4503708535404,2.26488227342272
15.53989540397,2.26259241039776
15.6299875127836,2.26030769150183
15.7206511002151,2.25802810232737
15.8118901156811,2.25575362851553
15.9037085380187,2.25348425575591
15.996110375712,2.25121996978647
16.0890996671303,2.24896075639324
16.1826804807605,2.2467066014102
16.2768569154487,2.24445749071907
16.3716331006376,2.24221341024911
16.4670131966097,2.23997434597697
16.5630013947306,2.23774028392645
16.6596019176957,2.23551121016838
16.7568190197763,2.23328711082037
16.8546569870715,2.23106797204668
16.9531201377601,2.22885378005802
17.0522128223529,2.22664452111136
17.1519394239503,2.22444018150976
17.2523043585001,2.22224074760217
17.3533120750581,2.2200462057833
17.4549670560493,2.21785654249339
17.5572738175344,2.21567174421806
17.6602369094752,2.21349179748811
17.7638609160036,2.2113166888794
17.8681504556946,2.20914640501257
17.9731101818364,2.20698093255299
18.0787447827081,2.20482025821051
18.1850589818577,2.2026643687393
18.2920575383813,2.20051325093769
18.3997452472059,2.19836689164798
18.5081269393736,2.19622527775631
18.6172074823306,2.19408839619241
18.7269917802127,2.19195623392956
18.8374847741423,2.18982877798426
18.9486914425162,2.18770601541623
19.0606168013087,2.18558793332809
19.1732659043654,2.18347451886531
19.286643843707,2.18136575921598
19.4007557498334,2.17926164161067
19.5156067920284,2.17716215332229
19.6312021786702,2.17506728166582
19.7475471575407,2.17297701399833
19.864647016143,2.17089133771862
19.9825070820119,2.16881024026723
20.1011327230404,2.16673370912615
20.220529347795,2.16466173181874
20.3407024058436,2.16259429590953
20.4616573880795,2.16053138900409
20.5833998270543,2.15847299874885
20.7059352973077,2.15641911283096
20.829269415703,2.15436971897812
20.9534078417658,2.15232480495843
21.0783562780218,2.15028435858024
21.2041204703442,2.14824836769199
21.3307062082949,2.14621682018206
21.458119325477,2.14418970397862
21.5863656998848,2.14216700704946
21.7154512542578,2.14014871740186
21.8453819564395,2.13813482308243
21.9761638197361,2.13612531217698
22.1078029032827,2.1341201728103
22.2403053124043,2.13211939314614
22.3736771989904,2.13012296138691
22.5079247618636,2.12813086577365
22.6430542471553,2.12614309458583
22.7790719486859,2.1241596361412
22.9159842083436,2.12218047879569
23.053797416469,2.12020561094321
23.1925180122443,2.11823502101553
23.3321524840836,2.11626869748212
23.4727073700235,2.11430662885007
23.6141892581255,2.11234880366384
23.7566047868697,2.11039521050523
23.8999606455656,2.10844583799315
24.0442635747514,2.10650067478352
24.1895203666093,2.10455970956914
24.3357378653761,2.10262293107953
24.4829229677612,2.10069032808078
24.6310826233656,2.09876188937546
24.7802238351047,2.09683760380242
24.930353659639,2.09491746023668
25.0814792077973,2.09300144758935
25.2336076450177,2.09108955480738
25.3867461917799,2.0891817708735
25.5409021240484,2.0872780848061
25.6960827737153,2.08537848565902
25.8522955290491,2.08348296252151
26.0095478351458,2.08159150451801
26.1678471943839,2.07970410080809
26.3272011668845,2.07782074058625
26.4876173709696,2.07594141308187
26.6491034836349,2.07406610755897
26.8116672410127,2.0721948133162
26.9753164388505,2.07032751968663
27.1400589329865,2.06846421603763
27.3059026398302,2.06660489177077
27.4728555368503,2.06474953632169
27.6409256630593,2.06289813915994
27.8101211195124,2.06105068978886
27.9804500697966,2.0592071777455
28.1519207405402,2.05736759260043
28.3245414219108,2.05553192395766
28.4983204681277,2.05370016145449
28.6732662979731,2.05187229476142
28.8493873953108,2.05004831358196
29.0266923096064,2.04822820765258
29.2051896564516,2.04641196674254
29.3848881180972,2.04459958065379
29.5657964439805,2.04279103922085
29.7479234512723,2.04098633231065
29.9312780254074,2.03918544982248
30.1158691206442,2.03738838168779
30.3017057606046,2.03559511787013
30.4887970388354,2.03380564836502
30.6771521193656,2.03201996319979
30.8667802372709,2.03023805243353
31.0576906992434,2.02845990615691
31.2498928841609,2.0266855144921
31.4433962436711,2.02491486759263
31.638210302765,2.02314795564331
31.8343446603722,2.02138476886005
32.0318089899465,2.01962529748982
32.2306130400623,2.0178695318105
32.4307666350195,2.01611746213073
32.6322796754433,2.01436907878988
32.8351621388981,2.01262437215784
33.0394240805014,2.010883332635
33.2450756335439,2.00914595065206
33.4521270101126,2.00741221666997
33.6605885017218,2.00568212117978
33.8704704799476,2.00395565470258
34.0817833970654,2.00223280778933
34.2945377866966,2.00051357102079
34.5087442644576,1.9987979350074
34.7244135286127,1.99708589038917
34.9415563607346,1.99537742783557
35.160183626371,1.9936725380454
35.3803062757092,1.99197121174676
35.6019353442587,1.99027343969682
35.8250819535226,1.98857921268185
36.0497573116932,1.98688852151697
36.2759727143339,1.98520135704619
36.5037395450802,1.98351771014218
36.7330692763407,1.98183757170624
36.9639734700024,1.98016093266818
37.1964637781473,1.97848778398618
37.4305519437626,1.97681811664675
37.6662498014754,1.97515192166457
37.9035692782684,1.97348919008242
38.1425223942279,1.97182991297106
38.3831212632733,1.97017408142912
38.62537809391,1.96852168658304
38.8693051899766,1.96687271958693
39.114914951405,1.96522717162247
39.3622198749835,1.96358503389882
39.6112325551223,1.96194629765255
39.861965684635,1.96031095414747
40.1144320555123,1.95867899467459
40.3686445597126,1.95705041055201
40.6246161899534,1.95542519312479
40.8823600405107,1.95380333376491
41.1418893080225,1.9521848238711
41.4032172923005,1.95056965486882
41.6663573971467,1.94895781821009
41.9313231311761,1.94734930537345
42.1981281086475,1.94574410786382
42.4667860502952,1.94414221721247
42.7373107841751,1.94254362497682
43.0097162465091,1.94094832274047
43.2840164825418,1.93935630211299
43.5602256474002,1.93776755472992
43.8383580069614,1.9361820722526
44.1184279387252,1.93459984636812
44.4004499326938,1.93302086878925
44.6844385922646,1.93144513125427
44.9704086351095,1.92987262552695
45.2583748940914,1.92830334339643
45.5483523181587,1.92673727667712
45.8403559732638,1.92517441720863
46.1344010432802,1.92361475685568
46.4305028309318,1.92205828750797
46.7286767587244,1.92050500108015
47.0289383698867,1.91895488951167
47.3313033293178,1.91740794476674
47.6357874245394,1.91586415883423
47.9424065666606,1.91432352372755
48.2511767913416,1.91278603148459
48.5621142597715,1.91125167416765
48.8752352596484,1.9097204438633
49.190556206171,1.90819233268235
49.5080936430332,1.90666733275971
49.8278642434283,1.90514543625436
50.1498848110592,1.90362663534922
50.474172281156,1.90211092225106
50.8007437215055,1.90059828919047
51.1296163334769,1.89908872842172
51.4608074530668,1.89758223222268
51.7943345519443,1.89607879289479
52.1302152385075,1.89457840276289
52.4684672589457,1.89308105417522
52.8091084983065,1.89158673950327
53.152156981577,1.89009545114176
53.4976308747659,1.88860718150849
53.8455484860011,1.88712192304431
54.1959282666193,1.88563966821303
54.5487888122879,1.88416040950131
54.9041488641098,1.8826841394186
55.2620273097525,1.88121085049706
55.6224431845766,1.87974053529148
55.9854156727777,1.8782731863792
56.3509641085306,1.87680879636001
56.7191079771446,1.87534735785611
57.089866916233,1.87388886351197
57.4632607168698,1.87243330599434
57.8393093247848,1.87098067799207
58.2180328415393,1.86953097221611
58.5994515257249,1.8680841813994
58.9835857941674,1.86664029829678
59.3704562231372,1.86519931568496
59.7600835495682,1.86376122636238
60.1524886722875,1.86232602314919
60.5476926532493,1.86089369888712
60.945716718779,1.85946424643946
61.3465822608303,1.85803765869093
61.7503108382394,1.85661392854766
62.156924177998,1.85519304893707
62.5664441765316,1.85377501280781
62.9788929009833,1.85235981312968
63.3942925905112,1.85094744289358
63.8126656575885,1.84953789511141
64.2340346893182,1.84813116281599
64.6584224487491,1.84672723906103
65.085851876212,1.84532611692099
65.5163460906487,1.84392778949109
65.9499283909625,1.84253224988714
66.3866222573725,1.84113949124557
66.8264513527762,1.83974950672328
67.2694395241222,1.8383622894976
67.7156108037914,1.83697783276622
68.1649894109855,1.8355961297471
68.6175997531252,1.83421717367845
69.0734664272637,1.83284095781856
69.5326142214872,1.83146747544586
69.9950681163605,1.83009671985873
70.4608532863449,1.82872868437552
70.9299951012474,1.82736336233441
71.4025191276704,1.8260007470934
71.8784511304749,1.82464083203021
72.3578170742481,1.82328361054219
72.8406431247796,1.82192907604633
73.3269556505592,1.82057722197908
73.8167812242543,1.8192280417964
74.3101466242382,1.81788152897358
74.8070788360877,1.81653767700526
75.3076050541139,1.81519647940534
75.8117526828936,1.81385792970687
76.3195493388133,1.81252202146203
76.8310228516166,1.81118874824207
77.3462012659672,1.80985810363721
77.8651128430169,1.80853008125658
78.3877860619819,1.80720467472818
78.9142496217389,1.80588187769879
79.4445324424106,1.80456168383391
79.9786636669769,1.80324408681771
80.5166726628914,1.80192908035294
81.0585890237028,1.8006166581609
81.6044425706895,1.79930681398134
82.1542633545033,1.79799954157243
82.7080816568183,1.79669483471065
83.2659279919925,1.79539268719078
83.8278331087477,1.79409309282581
84.3938279918252,1.79279604544689
84.9639438637041,1.79150153890323
85.5382121862762,1.79020956706208
86.1166646625628,1.78892012380867
86.6993332384296,1.78763320304611
87.2862501043117,1.78634879869537
87.8774476969471,1.78506690469518
88.4729587011194,1.78378751500201
89.0728160514211,1.78251062358996
89.6770529339912,1.78123622445076
90.2857027883165,1.77996431159365
90.898799308989,1.77869487904537
91.5163764475047,1.77742792085006
92.1384684140603,1.77616343106923
92.7651096793604,1.77490140378167
93.3963349764342,1.77364183308344
94.0321793024614,1.77238471308775
94.6726779206042,1.77113003792496
95.3178663618532,1.76987780174246
95.9677804268833,1.76862799870468
96.6224561879053,1.76738062299297
97.281929990544,1.76613566880559
97.946238455715,1.76489313035762
98.6154184815125,1.76365300188091
99.2895072451063,1.76241527762405
99.9685422046473,1.76117995185228
100.652561101182,1.75994701884742
101.341601960573,1.75871647290789
102.035703095438,1.75748830834854
102.734903107082,1.75626251950071
103.439240887447,1.75503910071209
104.148755621076,1.7538180463467
104.86348678707,1.75259935078483
105.58347416107,1.75138300842299
106.308757817237,1.75016901367384
107.039378130239,1.74895736096614
107.775375777257,1.74774804474474
108.516791739995,1.74654105947041
109.263667306676,1.74533639961995
110.016044074098,1.74413405968597
110.773963949637,1.74293403417696
111.537469153304,1.74173631761719
112.306602219785,1.74054090454663
113.081406000502,1.73934778952095
113.861923665672,1.73815696711143
114.648198706381,1.73696843190492
115.440274936671,1.73578217850379
116.238196495601,1.73459820152588
117.042007849377,1.73341649560442
117.851753793426,1.73223705538803
118.667479454516,1.73105987554061
119.489230292871,1.72988495074135
120.317052104293,1.72871227568461
121.150991022296,1.72754184507994
121.991093520239,1.72637365365197
122.837406413475,1.7252076961404
123.689976861495,1.72404396729991
124.548852370101,1.72288246190016
125.414080793552,1.72172317472571
126.285710336747,1.72056610057594
127.1637895574,1.71941123426508
128.048367368222,1.71825857062209
128.939493039116,1.71710810449062
129.837216199365,1.71595983072901
130.741586839844,1.71481374421019
131.652655315218,1.71366983982165
132.570472346171,1.71252811246536
133.495089021606,1.71138855705781
134.426556800882,1.71025116852985
135.364927516045,1.70911594182672
136.310253374058,1.70798287190798
137.262586959046,1.70685195374745
138.221981234539,1.70572318233316
139.188489545723,1.70459655266735
140.162165621695,1.70347205976635
141.143063577735,1.70234969866058
142.131237917539,1.70122946439452
143.126743535527,1.7001113520266
144.129635719085,1.69899535662922
145.139970150857,1.69788147328865
146.15780291102,1.69676969710504
147.183190479572,1.6956600231923
148.216189738613,1.69455244667814
149.256857974645,1.69344696270396
150.305252880857,1.69234356642483
151.361432559426,1.69124225300943
152.425455523826,1.69014301764003
153.497380701112,1.68904585551243
154.577267434238,1.68795076183591
155.665175484362,1.6868577318332
156.761165033154,1.68576676074042
157.865296685107,1.68467784380704
158.977631469853,1.68359097629585
160.098230844474,1.68250615348291
161.227156695817,1.68142337065749
162.364471342824,1.68034262312203
163.510237538829,1.67926390619213
164.66451847389,1.67818721519646
165.827377777108,1.67711254547675
166.99887951894,1.67603989238774
168.179088213527,1.67496925129711
169.368068821007,1.6739006175855
170.565886749838,1.67283398664639
171.772607859111,1.67176935388613
172.988298460886,1.67070671472382
174.21302532247,1.66964606459136
175.446855668784,1.66858739893332
176.689857184634,1.66753071320698
177.942098017047,1.66647600288221
179.20364677757,1.66542326344148
180.474572544588,1.66437249037982
181.75494486562,1.66332367920474
183.044833759627,1.66227682543622
184.344309719324,1.66123192460667
185.653443713439,1.66018897226089
186.97230718906,1.65914796395599
188.300972073883,1.65810889526141
189.639510778512,1.65707176175885
190.987996198744,1.65603655904221
192.346501717842,1.65500328271759
193.715101208806,1.65397192840323
195.093869036645,1.65294249172946
196.482880060635,1.6519149683387
197.882209636569,1.65088935388537
199.291933619033,1.64986564403588
200.712128363613,1.64884383446859
202.14287072916,1.64782392087376
203.58423808001,1.64680589895352
205.036308288211,1.64578976442186
206.499159735739,1.6447755130045
207.972871316704,1.64376314043898
209.457522439557,1.64275264247452
210.953193029271,1.64174401487201
212.45996352955,1.640737253404
213.977914904971,1.63973235385464
215.507128643172,1.63872931201964
217.047686757002,1.63772812370624
218.59967178667,1.63672878473316
220.163166801878,1.63573129093058
221.73825540395,1.63473563814012
223.325021727948,1.63374182221474
224.923550444767,1.63274983901876
226.533926763259,1.63175968442782
228.156236432253,1.63077135432881
229.790565742698,1.62978484461986
231.437001529664,1.62880015121029
233.095631174409,1.62781727002061
234.766542606408,1.62683619698242
236.449824305366,1.62585692803844
238.145565303227,1.62487945914242
239.853855186154,1.62390378625914
241.574784096532,1.62292990536437
243.308442734871,1.62195781244481
245.054922361824,1.6209875034981
246.81431480006,1.62001897453272
248.5867124362,1.61905222156804
250.372208222719,1.61808724063421
252.170895679816,1.61712402777216
253.982868897286,1.61616257903355
255.808222536366,1.61520289048076
257.64705183156,1.61424495818684
259.499452592451,1.61328877823548
261.365521205517,1.61233434672095
263.245354635865,1.61138165974812
265.139050429017,1.61043071343238
267.046706712638,1.60948150389962
268.96842219825,1.60853402728621
270.904296182935,1.60758827973895
272.854428551005,1.60664425741503
274.818919775663,1.60570195648203
276.797870920627,1.60476137311786
278.791383641773,1.60382250351072
280.799560188681,1.60288534385909
282.822503406236,1.6019498903717
284.860316736165,1.60101613926746
286.913104218564,1.60008408677548
288.980970493394,1.59915372913499
291.064020801951,1.59822506259534
293.162360988358,1.59729808341595
295.276097500913,1.59637278786629
297.405337393599,1.59544917222585
299.550188327351,1.59452723278408
301.710758571513,1.59360696584039
303.887157005093,1.59268836770413
306.079493118093,1.5917714346945
308.287877012785,1.59085616314058
310.512419404957,1.58994254938126
312.75323162513,1.58903058976525
315.010425619758,1.58812028065099
317.284113952394,1.58721161840667
319.574409804819,1.58630459941019
321.881426978183,1.58539922004908
324.205279894042,1.58449547672057
326.546083595439,1.58359336583145
328.903953747921,1.58269288379811
331.279006640533,1.5817940270465
333.671359186778,1.58089679201207
336.081128925553,1.58000117513977
338.508434022054,1.57910717288401
340.953393268631,1.57821478170863
343.41612608567,1.57732399808686
345.896752522348,1.57643481850132
348.395393257444,1.57554723944396
350.912169600076,1.57466125741603
353.447203490414,1.5737768689281
356.000617500359,1.57289407049997
358.572534834179,1.57201285866066
361.163079329171,1.57113322994839
363.772375456146,1.57025518091057
366.400548320101,1.56937870810371
369.047723660594,1.56850380809348
371.714027852358,1.56763047745458
374.399587905641,1.5667587127708
377.104531466668,1.56588851063494
379.828986817996,1.56501986764881
382.573082878854,1.56415278042318
385.336949205487,1.56328724557775
388.120715991323,1.56242325974117
390.924514067346,1.56156081955093
393.748474902143,1.56069992165342
396.592730602202,1.55984056270383
399.457413911936,1.55898273936617
402.342658213814,1.55812644831323
405.248597528403,1.55727168622652
408.17536651438,1.55641844979632
411.123100468515,1.55556673572155
414.091935325598,1.55471654070985
417.08200765835,1.55386786147745
420.093454677276,1.55302069474925
423.126414230524,1.55217503725868
426.181024803627,1.55133088574777
429.25742551928,1.55048823696707
432.35575613705,1.54964708767564
435.476157053052,1.54880743464103
438.618769299579,1.54796927463923
441.783734544696,1.54713260445467
444.97119509185,1.54629742088017
448.181293879275,1.54546372071696
451.414174479624,1.54463150077457
454.669981099294,1.54380075787091
457.948858577892,1.54297148883216
461.250952387584,1.54214369049277
464.576408632431,1.54131735969546
467.925374047673,1.54049249329116
471.297995998974,1.539669088139
474.69442248169,1.53884714110628
478.114802119918,1.53802664906846
481.55928416581,1.53720760890912
485.028018498476,1.53639001751993
488.521155623226,1.53557387180064
492.03884667046,1.53475916865904
495.581243394711,1.53394590501095
499.148498173576,1.5331340777802
502.740764006622,1.53232368389858
506.358194514263,1.53151472030584
510.000943936578,1.53070718394964
513.669167132115,1.52990107178556
517.363019576634,1.52909638077706
521.082657361868,1.52829310789543
524.828237194137,1.52749125011981
528.599916393037,1.52669080443714
532.397852890045,1.52589176784214
536.222205227072,1.5250941373373
540.073132555018,1.52429790993282
543.950794632242,1.52350308264664
547.8553518231,1.52270965250435
551.786965096217,1.52191761653926
555.745796023076,1.52112697179227
559.732006776216,1.52033771531191
563.745760127627,1.51954984415432
567.787219447021,1.51876335538319
571.856548700086,1.51797824606979
575.953912446703,1.51719451329287
580.079475839115,1.51641215413873
584.23340462015,1.5156311657011
588.415865121192,1.51485154508122
592.627024260463,1.51407328938772
596.867049540867,1.51329639573666
601.136109048213,1.51252086125151
605.434371449056,1.51174668306306
609.762005988722,1.51097385830949
614.119182489234,1.51020238413627
618.506071347179,1.5094322576962
622.922843531666,1.50866347614932
627.369670582,1.50789603666297
631.846724605708,1.50712993641168
636.354178276095,1.50636517257725
640.892204830217,1.5056017423486
645.460978066447,1.50483964292188
650.060672342246,1.50407887150035
654.691462571835,1.50331942529441
659.353524223833,1.50256130152157
664.047033318884,1.50180449740642
668.772166427246,1.50104901018059
673.529100666447,1.50029483708279
678.31801369865,1.49954197535872
683.139083728425,1.49879042226108
687.992489500065,1.49804017504956
692.878410295163,1.4972912309908
697.797025930054,1.49654358735838
702.748516753265,1.49579724143279
707.73306364294,1.49505219050141
712.750848004225,1.49430843185849
717.802051766729,1.49356596280516
722.886857381794,1.49282478064935
728.005447819911,1.49208488270581
733.158006568043,1.4913462662961
738.34471762695,1.49060892874852
743.565765508493,1.48987286739815
748.821335232927,1.48913807958678
754.111612326181,1.48840456266293
759.436782817111,1.48767231398179
764.797033234841,1.48694133090522
770.192550605813,1.48621161080176
775.623522451283,1.48548315104654
781.090136784271,1.48475594902135
786.592582107035,1.48403000211451
792.131047408087,1.48330530772097
797.705722159482,1.48258186324219
803.316796313995,1.48185966608619
808.964460302288,1.4811387136675
814.648905030197,1.48041900340711
820.370321875691,1.47970053273254
826.128902686327,1.47898329907772
831.924839776212,1.47826729988304
837.758325923266,1.47755253259529
843.629554366387,1.47683899466768
849.538718802616,1.47612668355978
855.486013384316,1.47541559673753
861.471632716345,1.47470573167321
867.495771853239,1.47399708584541
873.558626296376,1.47328965673905
879.660391991242,1.47258344184531
885.801265324504,1.47187843866165
891.981443121297,1.47117464469177
898.2011226424,1.47047205744561
904.46050158146,1.46977067443932
910.75977806222,1.46907049319523
917.099150635741,1.46837151124185
923.478818277664,1.46767372611386
929.898980385429,1.46697713535206
936.359836775647,1.46628173650339
942.861587681242,1.46558752712086
949.40443374885,1.4648945047636
955.988576036092,1.46420266699679
962.614216008921,1.46351201139166
969.281555538961,1.46282253552546
975.990796900869,1.46213423698146
982.742142769734,1.46144711334895
989.535796218439,1.46076116222316
996.371960715211,1.46007638120529
1003.25084012082,1.45939276790251
1010.17263868636,1.45871031992787
1017.13756105048,1.45802903490037
1024.14581223705,1.45734891044487
1031.19759765265,1.45666994419212
1038.29312308414,1.45599213377872
1045.43259469626,1.45531547684712
1052.61621902927,1.45463997104557
1059.84420299658,1.45396561402814
1067.1167538824,1.45329240345469
1074.43407933958,1.45262033699085
1081.79638738718,1.45194941230799
1089.20388640837,1.45127962708323
1096.65678514816,1.45061097899941
1104.15529271133,1.44994346574508
1111.6996185602,1.44927708501446
1119.28997251265,1.44861183450745
1126.92656473997,1.44794771192961
1134.60960576491,1.44728471499213
1142.33930645975,1.44662284141183
1150.11587804419,1.44596208891111
1157.93953208363,1.445302455218
1165.81048048722,1.44464393806607
1173.72893550608,1.44398653519446
1181.6951097315,1.44333024434784
1189.70921609323,1.44267506327642
1197.77146785778,1.44202098973589
1205.88207862675,1.44136802148748
1214.04126233536,1.44071615629784
1222.24923325063,1.44006539193912
1230.50620597018,1.4394157261889
1238.81239542056,1.4387671568302
1247.16801685591,1.43811968165142
1255.57328585658,1.4374732984464
1264.02841832785,1.43682800501434
1272.53363049861,1.43618379915981
1281.08913892015,1.43554067869272
1289.69516046512,1.43489864142834
1298.35191232614,1.43425768518723
1307.05961201509,1.43361780779528
1315.8184773618,1.43297900708365
1324.62872651327,1.43234128088879
1333.4905779327,1.43170462705239
1342.40425039867,1.43106904342142
1351.36996300435,1.43043452784802
1360.38793515674,1.42980107818961
1369.45838657599,1.42916869230875
1378.58153729481,1.42853736807323
1387.75760765794,1.42790710335597
1396.98681832149,1.42727789603507
1406.26939025267,1.42664974399376
1415.60554472926,1.42602264512039
1424.99550333938,1.42539659730844
1434.43948798114,1.42477159845646
1443.93772086249,1.42414764646808
1453.49042450102,1.42352473925203
1463.09782172386,1.42290287472205
1472.76013566776,1.42228205079693
1482.47758977897,1.4216622654005
1492.25040781339,1.42104351646157
1502.07881383675,1.42042580191398
1511.96303222482,1.4198091196965
1521.90328766367,1.41919346775292
1531.89980515002,1.41857884403193
1541.95280999164,1.4179652464872
1552.0625278078,1.41735267307729
1562.22918452997,1.41674112176569
1572.45300640202,1.41613059052078
1582.7342199814,1.41552107731581
1593.07305213944,1.41491258012891
1603.46973006236,1.41430509694306
1613.92448125206,1.41369862574607
1624.43753352704,1.4130931645306
1635.0091150234,1.41248871129408
1645.63945419589,1.41188526403879
1656.32877981901,1.41128282077175
1667.07732098818,1.41068137950478
1677.88530712108,1.41008093825443
1688.75296795882,1.40948149504203
1699.68053356741,1.4088830478936
1710.66823433916,1.40828559483992
1721.71630099425,1.40768913391643
1732.82496458222,1.4070936631633
1743.99445648369,1.40649918062535
1755.22500841202,1.40590568435208
1766.51685241505,1.40531317239762
1777.8702208771,1.40472164282075
1789.28534652065,1.4041310936849
1800.76246240844,1.40354152305806
1812.30180194548,1.40295292901285
1823.90359888116,1.40236530962649
1835.56808731139,1.40177866298073
1847.29550168085,1.40119298716191
1859.08607678527,1.40060828026091
1870.94004777378,1.40002454037314
1882.85765015149,1.39944176559854
1894.83911978157,1.39885995404155
1906.88469288837,1.3982791038111
1918.99460605956,1.39769921302062
1931.16909624906,1.397120279788
1943.40840077971,1.39654230223559
1955.71275734608,1.39596527849019
1968.08240401737,1.39538920668301
1980.51757924028,1.39481408494972
1993.01852184223,1.39423991143035
2005.58547103394,1.39366668426938
2018.21866641315,1.39309440161563
2030.91834796737,1.39252306162231
2043.68475607729,1.39195266244697
2056.51813152008,1.39138320225155
2069.41871547273,1.39081467920227
2082.38674951552,1.39024709146971
2095.42247563545,1.38968043722875
2108.52613622985,1.38911471465856
2121.69797410993,1.38854992194261
2134.93823250456,1.38798605726864
2148.24715506384,1.38742311882864
2161.62498586298,1.38686110481886
2175.07196940613,1.38630001343979
2188.58835063028,1.38573984289615
2202.17437490919,1.38518059139686
2215.83028805747,1.38462225715507
2229.55633633457,1.38406483838809
2243.35276644893,1.38350833331743
2257.21982556231,1.38295274016876
2271.15776129376,1.38239805717191
2285.16682172407,1.38184428256086
2299.24725540013,1.38129141457371
2313.39931133929,1.38073945145269
2327.6232390338,1.38018839144415
2341.91928845535,1.37963823279852
2356.2877100596,1.37908897377033
2370.72875479077,1.3785406126182
2385.2426740865,1.37799314760477
2399.82971988209,1.37744657699679
2414.49014461588,1.37690089906501
2429.22420123356,1.37635611208423
2444.03214319327,1.37581221433327
2458.91422447045,1.37526920409496
2473.8706995628,1.37472707965613
2488.90182349532,1.37418583930758
2504.00785182524,1.37364548134411
2519.18904064745,1.37310600406446
2534.44564659904,1.37256740577135
2549.77792686519,1.37202968477143
2565.18613918391,1.37149283937528
2580.6705418515,1.37095686789741
2596.23139372786,1.37042176865624
2611.86895424188,1.36988753997407
2627.58348339678,1.36935418017712
2643.37524177564,1.36882168759547
2659.24449054685,1.36829006056307
2675.19149146958,1.36775929741773
2691.21650689963,1.36722939650111
2707.31979979466,1.36670035615869
2723.50163372008,1.3661721747398
2739.76227285471,1.36564485059757
2756.10198199649,1.36511838208894
2772.52102656826,1.36459276757463
2789.01967262358,1.36406800541917
2805.59818685255,1.36354409399084
2822.25683658765,1.36302103166169
2838.99588980987,1.36249881680752
2855.81561515435,1.36197744780789
2872.71628191656,1.36145692304608
2889.6981600583,1.36093724090907
2906.76152021372,1.3604183997876
2923.90663369541,1.35990039807606
2941.13377250055,1.35938323417258
2958.44320931705,1.35886690647893
2975.83521752965,1.35835141340058
2993.31007122644,1.35783675334664
3010.86804520448,1.35732292472989
3028.50941497688,1.35680992596675
3046.23445677844,1.35629775547725
3064.04344757233,1.35578641168507
3081.93666505631,1.35527589301749
3099.91438766919,1.35476619790538
3117.97689459722,1.35425732478323
3136.12446578054,1.35374927208908
3154.35738191962,1.35324203826456
3172.67592448173,1.35273562175488
3191.08037570769,1.35223002100876
3209.57101861804,1.35172523447851
3228.14813701987,1.35122126061994
3246.81201551334,1.35071809789241
3265.5629394983,1.35021574475877
3284.40119518094,1.34971419968539
3303.32706958041,1.34921346114214
3322.34085053558,1.34871352760237
3341.44282671159,1.34821439754291
3360.63328760692,1.34771606944405
3379.91252355968,1.34721854178954
3399.28082575468,1.34672181306659
3418.73848623013,1.34622588176585
3438.28579788448,1.34573074638137
3457.92305448318,1.34523640541067
3477.65055066559,1.34474285735463
3497.46858195181,1.34425010071758
3517.37744474951,1.34375813400721
3537.37743636112,1.34326695573461
3557.46885499006,1.34277656441424
3577.65199974859,1.34228695856392
3597.92717066399,1.34179813670485
3618.29466868592,1.34131009736156
3638.75479569326,1.34082283906191
3659.30785450114,1.3403363603371
3679.95414886797,1.33985065972167
3700.69398350233,1.33936573575345
3721.52766407039,1.33888158697357
3742.45549720224,1.33839821192646
3763.47779049981,1.33791560915986
3784.59485254329,1.33743377722474
3805.80699289852,1.33695271467537
3827.11452212402,1.33647242006928
3848.51775177811,1.33599289196724
3870.01699442602,1.33551412893327
3891.61256364704,1.3350361295346
3913.30477404168,1.33455889234172
3935.09394123871,1.33408241592832
3956.98038190267,1.33360669887128
3978.96441374057,1.3331317397507
4001.04635550939,1.33265753714987
4023.22652702321,1.33218408965525
4045.5052491604,1.33171139585648
4067.88284387084,1.33123945434637
4090.35963418315,1.33076826372088
4112.93594421195,1.33029782257911
4135.61209916496,1.32982812952331
4158.38842535063,1.32935918315886
4181.26525018488,1.32889098209427
4204.24290219871,1.32842352494114
4227.3217110454,1.32795681031421
4250.50200750777,1.32749083683128
4273.78412350548,1.32702560311328
4297.1683921023,1.32656110778419
4320.65514751349,1.32609734947107
4344.24472511294,1.32563432680406
4367.93746144092,1.32517203841634
4391.73369421056,1.32471048294416
4415.63376231623,1.32424965902678
4439.63800584006,1.32378956530651
4463.74676605963,1.3233302004287
4487.96038545529,1.32287156304168
4512.27920771744,1.32241365179682
4536.70357775396,1.32195646534849
4561.23384169747,1.32150000235402
4585.87034691307,1.32104426147377
4610.61344200486,1.32058924137105
4635.46347682446,1.32013494071214
4660.42080247746,1.31968135816629
4685.48577133125,1.31922849240569
4710.65873702235,1.3187763421055
4735.94005446372,1.31832490594379
4761.3300798523,1.31787418260159
4786.82917067629,1.31742417076282
4812.43768572263,1.31697486911434
4838.15598508433,1.3165262763459
4863.9844301682,1.31607839115017
4889.92338370181,1.31563121222269
4915.97320974119,1.31518473826189
4942.13427367829,1.3147389679691
4968.40694224829,1.31429390004848
4994.79158353714,1.31384953320708
5021.28856698896,1.31340586615479
5047.89826341353,1.31296289760436
5074.62104499359,1.31252062627137
5101.45728529279,1.31207905087423
5128.40735926221,1.31163817013417
5155.47164324899,1.31119798277526
5182.6505150029,1.31075848752436
5209.94435368419,1.31031968311113
5237.35353987104,1.30988156826803
5264.87845556695,1.30944414173031
5292.51948420862,1.30900740223601
5320.27701067253,1.30857134852592
5348.15142128375,1.3081359793436
5376.14310382198,1.30770129343539
5404.25244753045,1.30726728955037
5432.47984312241,1.30683396644035
5460.82568278911,1.30640132285989
5489.29036020723,1.30596935756628
5517.87427054638,1.30553806931954
5546.57781047666,1.30510745688238
5575.40137817617,1.30467751902025
5604.34537333858,1.30424825450128
5633.41019718053,1.30381966209631
5662.59625244958,1.30339174057884
5691.90394343123,1.30296448872509
5721.33367595678,1.30253790531392
5750.88585741084,1.30211198912687
5780.56089673895,1.30168673894815
5810.35920445506,1.3012621535646
5840.28119264914,1.30083823176572
5870.32727499481,1.30041497234366
5900.49786675676,1.29999237409317
5930.7933847988,1.29957043581166
5961.21424759082,1.29914915629914
5991.76087521686,1.29872853435823
6022.43368938252,1.29830856879416
6053.2331134227,1.29788925841477
6084.15957230911,1.29747060203046
6115.21349265789,1.29705259845426
6146.39530273774,1.29663524650173
6177.70543247638,1.29621854499104
6209.14431346981,1.2958024927429
6240.71237898829,1.2953870885806
6272.41006398559,1.29497233132996
6304.23780510544,1.29455821981936
6336.19604068985,1.29414475287971
6368.28521078659,1.29373192934446
6400.50575715681,1.29331974804957
6432.85812328333,1.29290820783355
6465.34275437709,1.29249730753739
6497.96009738653,1.29208704600459
6530.7106010036,1.29167742208118
6563.59471567307,1.29126843461565
6596.61289359914,1.29086008245899
6629.76558875369,1.29045236446466
6663.05325688397,1.29004527948862
6696.47635552033,1.28963882638927
6730.03534398404,1.28923300402749
6763.73068339507,1.2888278112666
6797.56283667984,1.28842324697237
6831.53226857902,1.28801931001304
6865.63944565567,1.28761599925924
6899.88483630252,1.28721331358408
6934.26891075015,1.28681125186304
6968.7921410748,1.28640981297407
7003.45500120622,1.2860089957975
7038.25796693547,1.28560879921607
7073.2015159228,1.28520922211493
7108.28612770603,1.28481026338161
7143.51228370723,1.28441192190603
7178.8804672422,1.2840141965805
7214.39116352723,1.28361708629969
7250.04485968749,1.28322058996065
7285.84204476493,1.28282470646279
7321.78320972628,1.28242943470787
7357.86884747094,1.28203477360002
7394.09945283892,1.28164072204568
7430.47552261938,1.28124727895367
7466.99755555738,1.28085444323511
7503.6660523637,1.28046221380347
7540.48151572089,1.28007058957452
7577.44445029322,1.27967956946636
7614.55536273339,1.27928915239939
7651.81476169118,1.27889933729632
7689.22315782146,1.27851012308216
7726.78106379232,1.2781215086842
7764.48899429313,1.27773349303202
7802.34746604276,1.2773460750575
7840.35699779765,1.27695925369475
7878.51811035994,1.2765730278802
7916.83132658609,1.27618739655251
7955.29717139437,1.27580235865259
7993.91617177354,1.27541791312364
8032.68885679102,1.27503405891107
8071.61575760105,1.27465079496253
8110.69740745306,1.27426812022794
8149.93434169971,1.27388603365941
8189.32709780594,1.27350453421129
8228.87621535581,1.27312362084015
8268.58223606263,1.27274329250476
8308.44570377594,1.27236354816611
8348.46716449048,1.27198438678737
8388.64716635446,1.27160580733394
8428.98625967796,1.27122780877338
8469.4849969414,1.27085039007543
8510.14393280376,1.27047355021204
8550.9636241118,1.27009728815731
8591.944629907,1.2697216028875
8633.0875114361,1.26934649338106
8674.39283215745,1.26897195861858
8715.86115775161,1.26859799758279
8757.49305612838,1.26822460925859
8799.28909743605,1.26785179263301
8841.24985406991,1.2674795466952
8883.37590068066,1.26710787043648
8925.66781418382,1.26673676285024
8968.1261737668,1.26636622293204
9010.75156089969,1.26599624967953
9053.54455934176,1.26562684209246
9096.5057551522,1.2652579991727
9139.63573669742,1.26488971992421
9182.93509466047,1.26452200335305
9226.40442204966,1.26415484846736
9270.04431420747,1.26378825427736
9313.85536881926,1.26342221979537
9357.83818592207,1.26305674403574
9401.99336791405,1.26269182601493
9446.32151956251,1.26232746475144
9490.8232480134,1.26196365926582
9535.49916280013,1.26160040858069
9580.34987585257,1.26123771172071
9625.37600150597,1.26087556771257
9670.57815651011,1.26051397558501
9715.95696003822,1.26015293436879
9761.51303369598,1.25979244309672
9807.24700153118,1.25943250080359
9853.159490042,1.25907310652624
9899.25112818666,1.25871425930351
9945.52254739254,1.25835595817624
9991.97438156532,1.25799820218729
10038.6072670982,1.25764099038149
10085.4218428813,1.25728432180569
10132.4187503107,1.25692819550869
10179.5986332976,1.25657261054131
10226.9621382789,1.25621756595632
10274.509914224,1.25586306080847
10322.2426126474,1.25550909415447
10370.160887615,1.25515566505301
10418.2653957563,1.25480277256472
10466.5567962717,1.25445041575219
10515.0357509433,1.25409859367994
10563.7029241438,1.25374730541446
10612.5589828465,1.25339655002416
10661.6045966343,1.25304632657939
10710.8404377097,1.25269663415242
10760.2671809051,1.25234747181745
10809.8855036909,1.25199883865059
10859.6960861864,1.25165073372988
10909.6996111694,1.25130315613526
10959.8967640853,1.25095610494857
11010.2882330579,1.25060957925356
11060.8747088982,1.25026357813586
11111.6568851152,1.249918100683
11162.6354579247,1.24957314598441
11213.8111262606,1.24922871313136
11265.1845917836,1.24888480121704
11316.7565588917,1.2485414093365
11368.5277347301,1.24819853658663
11420.4988292016,1.24785618206623
11472.6705549761,1.24751434487592
11525.0436275012,1.24717302411818
11577.6187650118,1.24683221889736
11630.3966885409,1.24649192831962
11683.3781219298,1.246152151493
11736.5637918371,1.24581288752735
11789.9544277509,1.24547413553436
11843.5507619976,1.24513589462753
11897.3535297528,1.2447981639222
11951.3634690519,1.24446094253553
12005.5813207998,1.24412422958647
12060.0078287823,1.24378802419582
12114.6437396754,1.24345232548614
12169.4898030576,1.24311713258181
12224.5467714178,1.24278244460901
12279.8154001688,1.2424482606957
12335.2964476557,1.24211457997164
12390.9906751676,1.24178140156836
12446.8988469481,1.24144872461918
12503.0217302061,1.24111654825917
12559.3600951262,1.24078487162521
12615.91471488,1.2404536938559
12672.6863656364,1.24012301409163
12729.675826573,1.23979283147454
12786.883879887,1.23946314514853
12844.3113108056,1.23913395425922
12901.9589075972,1.23880525795401
12959.8274615828,1.23847705538201
13017.9177671467,1.23814934569409
13076.2306217477,1.23782212804284
13134.7668259304,1.23749540158256
13193.5271833359,1.23716916546931
13252.5125007134,1.23684341886083
13311.7235879319,1.2365181609166
13371.1612579902,1.23619339079781
13430.8263270297,1.23586910766733
13490.7196143445,1.23554531068977
13550.8419423938,1.23522199903141
13611.1941368129,1.23489917186023
13671.7770264246,1.23457682834591
13732.5914432511,1.23425496765981
13793.638222525,1.23393358897495
13854.9182027022,1.23361269146607
13916.4322254712,1.23329227430955
13978.1811357676,1.23297233668345
14040.1657817838,1.2326528777675
14102.3870149815,1.23233389674309
14164.8456901036,1.23201539279325
14227.542665186,1.23169736510269
14290.4788015695,1.23137981285776
14353.6549639113,1.23106273524644
14417.0720201985,1.23074613145838
14480.7308417574,1.23043000068484
14544.632303269,1.23011434211873
14608.7772827783,1.22979915495459
14673.1666617076,1.22948443838858
14737.8013248691,1.22917019161847
14802.6821604764,1.22885641384368
14867.8100601572,1.22854310426522
14933.1859189654,1.22823026208571
14998.810635394,1.22791788650938
15064.6851113867,1.22760597674208
15130.8102523516,1.22729453199124
15197.1869671724,1.22698355146588
15263.8161682216,1.22667303437662
15330.6987713735,1.22636297993567
15397.8356960159,1.22605338735683
15465.2278650639,1.22574425585545
15532.8762049718,1.2254355846485
15600.7816457464,1.22512737295448
15668.9451209593,1.22481961999349
15737.367567761,1.22451232498718
15806.0499268923,1.22420548715875
15874.9931426983,1.22389910573298
15944.1981631411,1.2235931799362
16013.6659398128,1.22328770899627
16083.3974279492,1.22298269214263
16153.3935864423,1.22267812860622
16223.6553778538,1.22237401761955
16294.1837684281,1.22207035841665
16364.9797281072,1.22176715023311
16436.0442305409,1.221464392306
16507.3782531038,1.22116208387395
16578.9827769062,1.2208602241771
16650.8587868088,1.22055881245712
16723.0072714361,1.22025784795716
16795.4292231899,1.21995732992191
16868.1256382631,1.21965725759756
16941.0975166532,1.2193576302318
17014.3458621766,1.21905844707381
17087.8716824815,1.21875970737429
17161.6759890635,1.21846141038541
17235.7597972773,1.21816355536083
17310.1241263523,1.2178661415557
17384.769999406,1.21756916822666
17459.6984434586,1.21727263463181
17534.9104894463,1.21697654003075
17610.4071722364,1.21668088368452
17686.189530641,1.21638566485564
17762.2586074312,1.21609088280811
17838.6154493525,1.21579653680738
17915.2611071376,1.21550262612034
17992.1966355221,1.21520915001536
18069.4230932584,1.21491610776224
18146.9415431309,1.21462349863224
18224.7530519697,1.21433132189806
18302.8586906662,1.21403957683384
18381.2595341873,1.21374826271516
18459.9566615901,1.21345737881902
18538.9511560381,1.21316692442386
18618.2441048131,1.21287689880956
18697.8365993338,1.21258730125739
18777.7297351683,1.21229813105007
18857.9246120501,1.21200938747173
18938.4223338929,1.2117210698079
19019.2240088062,1.21143317734553
19100.3307491103,1.21114570937299
19181.7436713513,1.21085866518002
19263.4638963179,1.21057204405779
19345.4925490538,1.21028584529885
19427.8307588769,1.21000006819716
19510.4796593919,1.20971471204805
19593.4403885076,1.20942977614824
19676.7140884515,1.20914525979586
19760.3019057863,1.20886116229039
19844.2049914251,1.20857748293271
19928.4245006476,1.20829422102504
20012.9615931159,1.20801137587101
20097.8174328899,1.2077289467756
20182.9931884448,1.20744693304516
20268.4900326854,1.20716533398738
20354.3091429631,1.20688414891134
20440.4517010921,1.20660337712746
20526.9188933655,1.20632301794751
20613.7119105716,1.2060430706846
20700.8319480105,1.20576353465321
20788.2802055101,1.20548440916915
20876.0578874428,1.20520569354956
20964.1662027429,1.20492738711293
21052.6063649215,1.20464948917907
21141.3795920845,1.20437199906913
21230.4871069489,1.20409491610559
21319.9301368598,1.20381823961224
21409.7099138069,1.20354196891421
21499.827674442,1.20326610333792
21590.2846600954,1.20299064221114
21681.0821167932,1.20271558486293
21772.2212952756,1.20244093062364
21863.7034510107,1.20216667882497
21955.5298442165,1.20189282879989
22047.7017398742,1.20161937988268
22140.2204077476,1.20134633140892
22233.0871224003,1.20107368271547
22326.3031632127,1.2008014331405
22419.8698144002,1.20052958202345
22513.78836503,1.20025812870505
22608.0601090409,1.19998707252732
22702.6863452572,1.19971641283354
22797.6683774112,1.19944614896829
22893.0075141577,1.1991762802774
22988.7050690934,1.19890680610799
23084.7623607745,1.19863772580843
23181.1807127355,1.19836903872836
23277.9614535064,1.19810074421869
23375.1059166319,1.19783284163157
23472.6154406892,1.19756533032042
23570.4913693061,1.1972982096399
23668.735051181,1.19703147894594
23767.3478400994,1.1967651375957
23866.3310949536,1.19649918494758
23965.6861797614,1.19623362036124
24065.4144636847,1.19596844319755
24165.5173210482,1.19570365281865
24265.9961313584,1.19543924858788
24366.8522793227,1.19517522986983
24468.0871548679,1.19491159603032
24569.7021531608,1.19464834643636
24671.6986746251,1.19438548045622
24774.0781249624,1.19412299745938
24876.8419151708,1.19386089681651
24979.9914615647,1.19359917789953
25083.5281857939,1.19333784008155
25187.4535148633,1.19307688273688
25291.7688811526,1.19281630524104
25396.4757224356,1.19255610697078
25501.5754819015,1.192296287304
25607.0696081712,1.19203684561983
25712.959555322,1.19177778129858
25819.2467829037,1.19151909372176
25925.9327559606,1.19126078227206
26033.018945051,1.19100284633336
26140.5068262677,1.19074528529072
26248.397881258,1.19048809853038
26356.6935972443,1.19023128543976
26465.3954670448,1.18997484540746
26574.504989093,1.18971877782323
26684.0236674602,1.18946308207801
26793.9530118741,1.18920775756391
26904.2945377406,1.18895280367418
27015.0497661648,1.18869821980325
27126.2202239715,1.18844400534671
27237.8074437262,1.1881901597013
27349.8129637566,1.18793668226491
27462.2383281733,1.18768357243659
27575.0850868909,1.18743082961653
27688.3547956507,1.18717845320607
27802.0490160399,1.18692644260769
27916.1693155147,1.18667479722501
28030.7172674212,1.1864235164628
28145.6944510173,1.18617259972695
28261.1024514944,1.18592204642448
28376.9428599989,1.18567185596356
28493.2172736546,1.18542202775347
28609.9272955838,1.18517256120463
28727.0745349315,1.18492345572856
28844.6606068835,1.18467471073792
28962.6871326934,1.18442632564647
29081.1557397014,1.18417829986912
29200.0680613581,1.18393063282185
29319.4257372468,1.18368332392177
29439.230413106,1.1834363725871
29559.483740852,1.18318977823716
29680.1873786015,1.18294354029237
29801.3429906959,1.18269765817425
29922.9522477201,1.18245213130543
